{
  "minimumSize" : 15,
  "deadEndsNeeded" : 3,
  "minimumEnemies" : 5,
  "exitRoom" : "link to boss room template here (minotaur room with the exit leading into a vast maze, you can hear the sounds of a minotaur out there, you should find a way to take care of that before leaving",
  "keyRoom" : "link to key room template here (a big piece of juicy, raw, aromatic meat with some enemies around it. take the meat to the exit room to draw out the minotaur)",
  "healthPoints" : 2,
  "themedRooms" : [
    "link to daedelus room here",
    "link to god statue of zeus"
  ],
  "themedFeatures" : [],
  "commonEnemyType" : "beast"
}